{
  "Random Forest": {
    "processing_time_ms": 42.632102966308594,
    "performance_metrics": {
      "r2": 0.5183365810861089,
      "rmse": 9361.732471277806,
      "mae": 237.7444320063831,
      "medae": 2.759897022510927,
      "mape": 1.2111155029898124,
      "accuracy": 99.39814814814815
    },
    "predictions_stats": {
      "count": 2160,
      "mean": 1982.55060873415,
      "std": 6344.421476707507,
      "min": 54.57794255744253,
      "q1": 361.5452258534179,
      "q2": 593.6473158215696,
      "q3": 995.7392159594576,
      "max": 136277.86082371333
    },
    "actual_stats": {
      "count": 2160,
      "mean": 2184.338425925926,
      "std": 13489.14410230622,
      "min": 55.0,
      "q1": 359.0,
      "q2": 594.0,
      "q3": 995.0,
      "max": 571230.0
    }
  },
  "Decision Tree": {
    "processing_time_ms": 0.30732154846191406,
    "performance_metrics": {
      "r2": 0.47697224274028793,
      "rmse": 9755.437772464638,
      "mae": 287.8362573078341,
      "medae": 18.60714285714289,
      "mape": 4.977982812534129,
      "accuracy": 84.58333333333333
    },
    "predictions_stats": {
      "count": 2160,
      "mean": 1969.122262996074,
      "std": 6158.294276593394,
      "min": 69.0,
      "q1": 373.1333333333333,
      "q2": 592.2222222222222,
      "q3": 976.986301369863,
      "max": 118112.22222222222
    },
    "actual_stats": {
      "count": 2160,
      "mean": 2184.338425925926,
      "std": 13489.14410230622,
      "min": 55.0,
      "q1": 359.0,
      "q2": 594.0,
      "q3": 995.0,
      "max": 571230.0
    }
  },
  "Ridge Regression": {
    "processing_time_ms": 0.11587142944335938,
    "performance_metrics": {
      "r2": 0.9388036659481068,
      "rmse": 3336.9300085784016,
      "mae": 390.7929543674711,
      "medae": 195.2219998134059,
      "mape": 54.29699686825179,
      "accuracy": 26.203703703703702
    },
    "predictions_stats": {
      "count": 2160,
      "mean": 2132.02642303232,
      "std": 10609.79422575263,
      "min": -737.7240646444957,
      "q1": 252.86509196558615,
      "q2": 638.6857661855744,
      "q3": 1243.36947869786,
      "max": 418782.49314464827
    },
    "actual_stats": {
      "count": 2160,
      "mean": 2184.338425925926,
      "std": 13489.14410230622,
      "min": 55.0,
      "q1": 359.0,
      "q2": 594.0,
      "q3": 995.0,
      "max": 571230.0
    }
  },
  "XGBoost": {
    "processing_time_ms": 37.23740577697754,
    "performance_metrics": {
      "r2": 0.5183365810861087,
      "rmse": 9361.732471277806,
      "mae": 237.74443200638308,
      "medae": 2.759897022510984,
      "mape": 1.2111155029898113,
      "accuracy": 99.39814814814815
    },
    "predictions_stats": {
      "count": 2160,
      "mean": 1982.55060873415,
      "std": 6344.421476707507,
      "min": 54.57794255744253,
      "q1": 361.5452258534179,
      "q2": 593.6473158215697,
      "q3": 995.7392159594576,
      "max": 136277.8608237133
    },
    "actual_stats": {
      "count": 2160,
      "mean": 2184.338425925926,
      "std": 13489.14410230622,
      "min": 55.0,
      "q1": 359.0,
      "q2": 594.0,
      "q3": 995.0,
      "max": 571230.0
    }
  }
}